"","location","year","owner_occupied","local_authority_etc","other_rented","other_tenures","graduate","not_graduate","gentrified"
"1","ancoats",1971,656,2152,2423,12,63,6530,1
"2","ancoats",1981,193,3353,216,53,121,7364,1
"3","ancoats",1991,345,2448,519,0,1040,48060,1
"4","ancoats",2001,422,1485,416,115,315,3209,1
"5","ancoats",2011,899,673,2842,64,2752,4925,1
"6","ancoats",2021,1968,597,4750,157,7804,2991,1
"7","chettam",1971,2063,610,2709,4,238,6441,0
"8","chettam",1981,1440,1846,574,87,258,8328,0
"9","chettam",1991,1451,1875,968,0,1870,73140,0
"10","chettam",2001,1492,906,1290,128,1173,5775,0
"11","chettam",2011,1844,946,3622,103,3829,9937,0
"12","chettam",2021,2091,799,3851,206,5566,5253,0
"13","crumpsall",1971,2989,431,2043,11,741,6379,0
"14","crumpsall",1981,3085,297,1451,34,786,9248,0
"15","crumpsall",1991,3247,345,1699,0,5830,82770,0
"16","crumpsall",2001,2899,344,1808,96,1755,6628,0
"17","crumpsall",2011,2855,313,2702,96,2760,8803,0
"18","crumpsall",2021,2705,231,2923,166,3780,4680,0
"19","kersal",1971,1910,1789,1475,10,396,6368,0
"20","kersal",1981,2197,1978,846,61,770,9253,0
"21","kersal",1991,2612,906,868,0,7710,70630,0
"22","kersal",2001,2613,733,1099,134,1477,5883,0
"23","kersal",2011,2483,735,1877,107,2236,7705,0
"24","kersal",2021,2501,457,2202,148,3212,4384,0
"25","quays",1971,581,395,1525,14,11,3290,1
"26","quays",1981,126,688,153,5,9,2046,1
"27","quays",1991,221,340,144,0,1130,10510,1
"28","quays",2001,201,8,178,6,401,254,1
"29","quays",2011,490,46,1798,18,2291,1315,1
"30","quays",2021,790,98,4133,107,6221,1977,1
